time, skia position, , lux position
1.007076, (-15.10054,294.6677), (-4.23, 0, -14.7)
2.007613, (-12.08888,294.6677), (-4.23, 0, -14.7)
3.01092, (-12.08888,294.6677), (-4.23, 0, -14.7)
4.01135, (-14.42292,294.6677), (-4.23, 0, -14.7)
