time, skia position, , lux position
1.000558, (-189.6267,-215.1481), (-186.58, 0.0007014275, -38.44)
