time, skia position, , lux position
1.015902, (-189.8905,-197.5681), (-55.38, 0.15146, -19.54)
2.020496, (-189.8905,-197.5681), (-55.38, 0.15146, -19.54)
3.026281, (-189.8905,-197.5681), (-55.38, 0.15146, -19.54)
