time, skia position, , lux position
1.041175, (-189.1465,-197.5648), (-55.38, 0.15146, -19.54)
2.059396, (-189.126,-197.5634), (-55.38, 0.15146, -19.54)
