time, skia position, , lux position
1.000556, (-480.87,-195.3141), (-95.8, 0, -26.5)
2.013086, (-480.87,-195.3141), (-95.8, 0, -26.5)
3.028772, (-480.87,-195.3141), (-95.8, 0, -26.5)
4.048543, (-480.87,-195.3141), (-95.8, 0, -26.5)
5.052335, (-480.87,-195.3141), (-95.8, 0, -26.5)
