time, skia position, , lux position
1.009605, (-189.1264,-197.4333), (-55.38, 0.15146, -19.54)
2.021473, (-189.0486,-197.4333), (-55.38, 0.15146, -19.54)
3.02952, (-188.9723,-197.4333), (-55.38, 0.15146, -19.54)
4.041489, (-188.8945,-197.4333), (-55.38, 0.15146, -19.54)
5.050498, (-188.8182,-197.4333), (-55.38, 0.15146, -19.54)
