time, skia position, , lux position
1.003862, (-189.1511,-197.4359), (-55.38, 0.15146, -19.54)
2.025239, (-189.1021,-197.4333), (-55.38, 0.15146, -19.54)
3.025415, (-189.054,-197.4333), (-55.38, 0.15146, -19.54)
4.039449, (-189.005,-197.4333), (-55.38, 0.15146, -19.54)
