time, skia position, , lux position
1.004113, (-11.62278,295.1336), (-4.23, 0, -14.7)
2.013608, (-12.24184,295.1336), (-3.058253, 0, -14.7)
3.028651, (-11.55619,295.8551), (-3.937063, 0, -14.7)
4.033366, (-10.90293,297.0566), (-3.937063, 0, -14.7)
