time, skia position, , lux position
1.011324, (-189.1073,-197.4333), (-51.94786, 0, -14.36971)
