time, skia position, , lux position
1.002467, (-189.1862,-197.0117), (-51.94786, 0, -14.36971)
2.015109, (-189.1658,-197.0131), (-51.94786, 0, -14.36971)
