time, skia position, , lux position
1.009099, (-249.6,214.9979), (121.5371, 0, -14.7)
2.019221, (-249.6,213.4105), (121.5371, 0, -14.7)
