time, skia position, , lux position
1.014685, (-14.79832,295.1336), (-0.3476967, 0, -14.7)
2.018302, (-15.90123,296.3609), (0.593468, 0, -14.7)
3.048031, (-11.74844,295.1336), (-2.112381, 0, -14.7)
4.066047, (-11.74947,295.1336), (-5.87704, 0, -14.7)
5.082685, (-9.854124,295.1336), (-5.406457, 0, -14.7)
6.100852, (-13.42548,295.1336), (-1.87709, 0, -14.7)
7.12164, (-13.42548,295.1336), (-1.87709, 0, -14.7)
