time, skia position, , lux position
1.009649, (112.33,294.6292), (121.77, 0, -14.7)
2.013897, (112.81,294.6292), (121.77, 0, -14.7)
