time, skia position, , lux position
1.004425, (-12.01358,294.6677), (-4.23, 0, -14.7)
2.009053, (-11.71242,294.6677), (-4.23, 0, -14.7)
3.016498, (-11.71242,294.6677), (-4.23, 0, -14.7)
