time, skia position, , lux position
1.003944, (-189.115,-197.5683), (-55.38, 0.15146, -19.54)
2.008057, (-189.0921,-197.5683), (-55.38, 0.15146, -19.54)
3.025166, (-189.0687,-197.5683), (-55.38, 0.15146, -19.54)
4.039896, (-189.0454,-197.5683), (-55.38, 0.15146, -19.54)
5.051625, (-189.0225,-197.5683), (-55.38, 0.15146, -19.54)
