time, skia position, , lux position
1.010927, (-189.0911,-197.5683), (-55.38, 0.15146, -19.54)
2.02036, (-189.0141,-197.5683), (-55.38, 0.15146, -19.54)
3.067366, (-188.9355,-197.5683), (-55.38, 0.15146, -19.54)
4.078804, (-188.8559,-197.5683), (-55.38, 0.15146, -19.54)
