time, skia position, , lux position
1.055146, (-190.0453,-197.4333), (-55.38, 0.15146, -19.54)
2.15077, (-190.0453,-197.4333), (-55.38, 0.15146, -19.54)
3.179535, (-190.0453,-197.4333), (-55.38, 0.15146, -19.54)
4.201456, (-190.0453,-197.4333), (-55.38, 0.15146, -19.54)
5.215794, (-190.0453,-197.4333), (-55.38, 0.15146, -19.54)
6.25877, (-190.0453,-197.4333), (-55.38, 0.15146, -19.54)
7.336411, (-190.0453,-197.4333), (-55.38, 0.15146, -19.54)
8.380047, (-190.0453,-197.4333), (-55.38, 0.15146, -19.54)
9.416662, (-190.0453,-197.4333), (-55.38, 0.15146, -19.54)
