time, skia position, , lux position
1.000898, (-13.56,295.1236), (-4.23, 0, -14.7)
2.003379, (-13.56,295.1236), (-4.23, 0, -14.7)
