time, skia position, , lux position
1.005897, (-13.56,295.1336), (-4.23, 0, -14.7)
2.010666, (-13.56,295.1336), (-4.23, 0, -14.7)
3.01862, (-13.56,295.1336), (-4.23, 0, -14.7)
4.031707, (-13.56,295.1336), (-4.23, 0, -14.7)
