time, skia position, , lux position
1.013732, (-337.6899,293.9637), (-95.8, 0, -26.5)
2.015286, (-337.6899,293.9637), (-95.8, 0, -26.5)
3.039292, (-337.6899,293.9637), (-95.8, 0, -26.5)
4.044316, (-337.6899,293.9637), (-95.8, 0, -26.5)
5.06727, (-337.6899,293.9637), (-95.8, 0, -26.5)
6.107989, (-337.6899,293.9637), (-95.8, 0, -26.5)
7.154609, (-338.0099,295.2339), (-95.8, 0, -26.5)
8.15974, (-337.6026,293.9894), (-95.8, 0, -26.5)
