time, skia position, , lux position
1.003452, (-190.0453,-197.4333), (-55.38, 0.15146, -19.54)
2.028436, (-190.0453,-197.4333), (-55.38, 0.15146, -19.54)
