time, skia position, , lux position
1.015504, (-190.0453,-197.4333), (-55.38, 0.15146, -19.54)
2.022503, (-190.0453,-197.4333), (-55.38, 0.15146, -19.54)
3.035081, (-190.0453,-197.4333), (-55.38, 0.15146, -19.54)
