time, skia position, , lux position
1.043376, (-189.6267,-216.7785), (-186.58, 0.0007014275, -38.44)
2.05231, (-189.6267,-282.2191), (-186.58, 0.0007014275, -38.44)
3.09188, (-189.6267,-291.8557), (-186.58, 0.0007014275, -38.44)
