time, skia position, , lux position
1.006388, (-13.67,294.6334), (-4.23, 0, -14.7)
2.014197, (-13.67,294.6334), (-4.23, 0, -14.7)
3.014432, (-13.67,294.6334), (-4.23, 0, -14.7)
4.022108, (-13.67,294.6334), (-4.23, 0, -14.7)
5.034547, (-13.67,294.6334), (-4.23, 0, -14.7)
6.046155, (-13.67,294.6334), (-4.23, 0, -14.7)
7.059185, (-13.67,294.6334), (-4.23, 0, -14.7)
