time, skia position, , lux position
1.017214, (-189.6267,-215.9545), (-186.58, 0.0007014275, -38.44)
2.027418, (-189.6267,-278.7875), (-186.58, 0.0007014275, -38.44)
3.030682, (-189.6267,-291.8557), (-186.58, 0.0007014275, -38.44)
4.047463, (-189.6267,-291.8557), (-186.58, 0.0007014275, -38.44)
