time, skia position, , lux position
1.015554, (-476.5906,-198.5409), (-95.8, 5.960464E-08, -26.5)
2.030115, (-476.5906,-198.5409), (-95.8, 5.960464E-08, -26.5)
