time, skia position, , lux position
1.018421, (-242.4306,212.8038), (-95.8, 5.960464E-08, -26.5)
2.025281, (-242.4306,212.8038), (-95.8, 5.960464E-08, -26.5)
