time, skia position, , lux position
1.018264, (-189.1749,-197.1571), (-51.94786, 0, -14.36971)
2.052418, (-189.1725,-197.1569), (-51.94786, 0, -14.36971)
3.070033, (-189.1702,-197.1569), (-51.94786, 0, -14.36971)
4.083678, (-189.1699,-197.1568), (-51.94786, 0, -14.36971)
