time, skia position, , lux position
1.00513, (-13.67,294.6677), (-4.23, 0, -14.7)
2.00522, (-13.67,294.6677), (-3.065316, 0, -14.7)
3.013489, (-15.83258,294.6493), (-0.73595, 0, -13.38003)
4.016837, (-14.19879,294.6169), (0.1957971, 0, -13.38003)
