time, skia position, , lux position
1.041531, (-189.6267,-221.1636), (-191.6056, 0.0007014275, -38.44)
2.053191, (-189.6267,-289.294), (-197.8877, 0.0007014275, -38.44)
3.095055, (-189.6267,-291.8557), (-204.421, 0.0007014275, -38.44)
4.176636, (-189.6267,-291.8557), (-211.2056, 0.0007014275, -38.44)
5.177509, (-189.6267,-291.8557), (-217.4877, 0.0007014275, -38.44)
6.230505, (-189.6267,-291.8557), (-224.1466, 0.0007014275, -38.44)
7.246976, (-189.6267,-291.8557), (-230.5543, 0.0007014275, -38.44)
8.257934, (-189.6267,-291.8557), (-236.8233, 0.0007014871, -38.44)
9.259708, (-189.6267,-291.8557), (-243.1059, 0.0007014275, -38.44)
