time, skia position, , lux position
1.008, (-189.6267,-218.4796), (-186.58, 0.0007014275, -38.44)
2.033483, (-189.6267,-285.7213), (-187.2082, 0.0007014275, -38.44)
3.036387, (-189.6267,-291.8557), (-193.4902, 0.0007014275, -38.44)
4.061781, (-189.6267,-291.8557), (-199.8979, 0.0007014275, -38.44)
5.077045, (-189.6267,-291.8557), (-206.3056, 0.0007014275, -38.44)
6.092652, (-189.6267,-291.8557), (-211.7082, 0.0007014275, -38.44)
7.099975, (-189.6267,-291.8557), (-211.7082, 0.0007014275, -38.44)
8.125728, (-189.6267,-291.8557), (-212.9646, 0.0007014275, -38.44)
9.191175, (-189.6267,-291.8557), (-215.4774, 0.0007014275, -38.44)
