time, skia position, , lux position
1.010654, (-188.9363,-199.9873), (-51.94786, 0, -14.36971)
2.01444, (-188.9229,-199.9861), (-51.94786, 0, -14.36971)
3.083304, (-188.9229,-199.9861), (-51.94786, 0, -14.36971)
4.085995, (-188.9229,-199.9861), (-51.94786, 0, -14.36971)
5.112794, (-188.9229,-199.9861), (-51.94786, 0, -14.36971)
6.121401, (-188.9229,-199.9861), (-51.94786, 0, -14.36971)
7.143958, (-188.9229,-199.9861), (-51.94786, 0, -14.36971)
