time, skia position, , lux position
1.027419, (-187.043,-196.9995), (-55.38, 0.15146, -19.54)
2.02838, (-187.0613,-196.9995), (-55.38, 0.15146, -19.54)
3.082251, (-187.0499,-196.9995), (-55.38, 0.15146, -19.54)
4.089128, (-187.0639,-196.9995), (-55.38, 0.15146, -19.54)
5.089558, (-187.0718,-196.9995), (-55.38, 0.15146, -19.54)
6.171876, (-187.0657,-196.9995), (-55.38, 0.15146, -19.54)
7.18339, (-187.0613,-196.9995), (-55.38, 0.15146, -19.54)
8.204586, (-187.0998,-196.9995), (-55.38, 0.15146, -19.54)
9.222214, (-187.1286,-196.9995), (-55.38, 0.15146, -19.54)
